timestamp,entity_id,old_state,new_state,attributes
2025-08-18T06:00:10.379672,automation.aut_status_bruno,on,on,"{""id"": ""1751855857509"", ""last_triggered"": ""2025-08-18T09:00:10.372566+00:00"", ""mode"": ""single"", ""current"": 1, ""friendly_name"": ""aut-status-bruno""}"
2025-08-18T06:00:10.382501,automation.aut_status_bruno,on,on,"{""id"": ""1751855857509"", ""last_triggered"": ""2025-08-18T09:00:10.372566+00:00"", ""mode"": ""single"", ""current"": 0, ""friendly_name"": ""aut-status-bruno""}"
2025-08-18T06:00:46.256210,sun.sun,above_horizon,above_horizon,"{""next_dawn"": ""2025-08-19T08:24:07.301005+00:00"", ""next_dusk"": ""2025-08-18T20:51:13.381525+00:00"", ""next_midnight"": ""2025-08-19T02:37:37+00:00"", ""next_noon"": ""2025-08-18T14:37:59+00:00"", ""next_rising"": ""2025-08-19T08:46:13.745676+00:00"", ""next_setting"": ""2025-08-18T20:29:05.436630+00:00"", ""elevation"": 2.78, ""azimuth"": 76.08, ""rising"": true, ""friendly_name"": ""Sun""}"
2025-08-18T06:01:10.377644,automation.aut_status_bruno,on,on,"{""id"": ""1751855857509"", ""last_triggered"": ""2025-08-18T09:01:10.370859+00:00"", ""mode"": ""single"", ""current"": 1, ""friendly_name"": ""aut-status-bruno""}"
2025-08-18T06:01:10.379895,automation.aut_status_bruno,on,on,"{""id"": ""1751855857509"", ""last_triggered"": ""2025-08-18T09:01:10.370859+00:00"", ""mode"": ""single"", ""current"": 0, ""friendly_name"": ""aut-status-bruno""}"
2025-08-18T06:02:10.378151,automation.aut_status_bruno,on,on,"{""id"": ""1751855857509"", ""last_triggered"": ""2025-08-18T09:02:10.371398+00:00"", ""mode"": ""single"", ""current"": 1, ""friendly_name"": ""aut-status-bruno""}"
2025-08-18T06:02:10.380545,automation.aut_status_bruno,on,on,"{""id"": ""1751855857509"", ""last_triggered"": ""2025-08-18T09:02:10.371398+00:00"", ""mode"": ""single"", ""current"": 0, ""friendly_name"": ""aut-status-bruno""}"
2025-08-18T06:02:46.256717,sun.sun,above_horizon,above_horizon,"{""next_dawn"": ""2025-08-19T08:24:07.301005+00:00"", ""next_dusk"": ""2025-08-18T20:51:13.381525+00:00"", ""next_midnight"": ""2025-08-19T02:37:37+00:00"", ""next_noon"": ""2025-08-18T14:37:59+00:00"", ""next_rising"": ""2025-08-19T08:46:13.745676+00:00"", ""next_setting"": ""2025-08-18T20:29:05.436630+00:00"", ""elevation"": 3.23, ""azimuth"": 75.96, ""rising"": true, ""friendly_name"": ""Sun""}"
2025-08-18T06:03:10.377629,automation.aut_status_bruno,on,on,"{""id"": ""1751855857509"", ""last_triggered"": ""2025-08-18T09:03:10.370995+00:00"", ""mode"": ""single"", ""current"": 1, ""friendly_name"": ""aut-status-bruno""}"
2025-08-18T06:03:10.380944,automation.aut_status_bruno,on,on,"{""id"": ""1751855857509"", ""last_triggered"": ""2025-08-18T09:03:10.370995+00:00"", ""mode"": ""single"", ""current"": 0, ""friendly_name"": ""aut-status-bruno""}"
2025-08-18T06:03:56.519645,camera.192_168_0_33,idle,idle,"{""access_token"": ""91b0c80cf4b4485c371ec5bd7edad8e80e290a4031d0f8c349aa57818e060e8"", ""entity_picture"": ""/api/camera_proxy/camera.192_168_0_33?token=91b0c80cf4b4485c371ec5bd7edad8e80e290a4031d0f8c349aa57818e060e8"", ""friendly_name"": ""192_168_0_14"", ""supported_features"": 2}"
2025-08-18T06:03:56.521531,camera.admin_mainstream,idle,idle,"{""access_token"": ""8da6512b719b5604ceccd58f5a3405371ba3941fe8713e2353c41f3a0644f518"", ""entity_picture"": ""/api/camera_proxy/camera.admin_mainstream?token=8da6512b719b5604ceccd58f5a3405371ba3941fe8713e2353c41f3a0644f518"", ""friendly_name"": ""admin MainStream"", ""supported_features"": 2}"
2025-08-18T06:03:56.523160,camera.admin_substream,idle,idle,"{""access_token"": ""a4f5fc001e82bdf28f80ce32cd8f6f7773bd0357f480c3cdba72532b0ce7a28d"", ""entity_picture"": ""/api/camera_proxy/camera.admin_substream?token=a4f5fc001e82bdf28f80ce32cd8f6f7773bd0357f480c3cdba72532b0ce7a28d"", ""friendly_name"": ""admin SubStream"", ""supported_features"": 2}"
2025-08-18T06:03:56.524742,camera.security_camera_2,unavailable,unavailable,"{""entity_picture"": ""/api/camera_proxy/camera.security_camera_2?token=c456df1cd3e62a0910e583f5a4974094b4f791e91bc4d419d56997326216d0c8"", ""friendly_name"": ""Security Camera"", ""supported_features"": 2}"
2025-08-18T06:04:10.378149,automation.aut_status_bruno,on,on,"{""id"": ""1751855857509"", ""last_triggered"": ""2025-08-18T09:04:10.371419+00:00"", ""mode"": ""single"", ""current"": 1, ""friendly_name"": ""aut-status-bruno""}"
2025-08-18T06:04:10.380346,automation.aut_status_bruno,on,on,"{""id"": ""1751855857509"", ""last_triggered"": ""2025-08-18T09:04:10.371419+00:00"", ""mode"": ""single"", ""current"": 0, ""friendly_name"": ""aut-status-bruno""}"
2025-08-18T06:04:46.257619,sun.sun,above_horizon,above_horizon,"{""next_dawn"": ""2025-08-19T08:24:07.301005+00:00"", ""next_dusk"": ""2025-08-18T20:51:13.381525+00:00"", ""next_midnight"": ""2025-08-19T02:37:37+00:00"", ""next_noon"": ""2025-08-18T14:37:59+00:00"", ""next_rising"": ""2025-08-19T08:46:13.745676+00:00"", ""next_setting"": ""2025-08-18T20:29:05.436630+00:00"", ""elevation"": 3.68, ""azimuth"": 75.84, ""rising"": true, ""friendly_name"": ""Sun""}"
2025-08-18T06:05:10.379365,automation.aut_status_bruno,on,on,"{""id"": ""1751855857509"", ""last_triggered"": ""2025-08-18T09:05:10.371482+00:00"", ""mode"": ""single"", ""current"": 1, ""friendly_name"": ""aut-status-bruno""}"
2025-08-18T06:05:10.381540,automation.aut_status_bruno,on,on,"{""id"": ""1751855857509"", ""last_triggered"": ""2025-08-18T09:05:10.371482+00:00"", ""mode"": ""single"", ""current"": 0, ""friendly_name"": ""aut-status-bruno""}"
2025-08-18T06:06:10.378624,automation.aut_status_bruno,on,on,"{""id"": ""1751855857509"", ""last_triggered"": ""2025-08-18T09:06:10.371520+00:00"", ""mode"": ""single"", ""current"": 1, ""friendly_name"": ""aut-status-bruno""}"
2025-08-18T06:06:10.381100,automation.aut_status_bruno,on,on,"{""id"": ""1751855857509"", ""last_triggered"": ""2025-08-18T09:06:10.371520+00:00"", ""mode"": ""single"", ""current"": 0, ""friendly_name"": ""aut-status-bruno""}"
2025-08-18T06:06:46.258109,sun.sun,above_horizon,above_horizon,"{""next_dawn"": ""2025-08-19T08:24:07.301005+00:00"", ""next_dusk"": ""2025-08-18T20:51:13.381525+00:00"", ""next_midnight"": ""2025-08-19T02:37:37+00:00"", ""next_noon"": ""2025-08-18T14:37:59+00:00"", ""next_rising"": ""2025-08-19T08:46:13.745676+00:00"", ""next_setting"": ""2025-08-18T20:29:05.436630+00:00"", ""elevation"": 4.14, ""azimuth"": 75.72, ""rising"": true, ""friendly_name"": ""Sun""}"
2025-08-18T06:07:10.379885,automation.aut_status_bruno,on,on,"{""id"": ""1751855857509"", ""last_triggered"": ""2025-08-18T09:07:10.371634+00:00"", ""mode"": ""single"", ""current"": 1, ""friendly_name"": ""aut-status-bruno""}"
2025-08-18T06:07:10.382550,automation.aut_status_bruno,on,on,"{""id"": ""1751855857509"", ""last_triggered"": ""2025-08-18T09:07:10.371634+00:00"", ""mode"": ""single"", ""current"": 0, ""friendly_name"": ""aut-status-bruno""}"
2025-08-18T06:08:10.377797,automation.aut_status_bruno,on,on,"{""id"": ""1751855857509"", ""last_triggered"": ""2025-08-18T09:08:10.371151+00:00"", ""mode"": ""single"", ""current"": 1, ""friendly_name"": ""aut-status-bruno""}"
2025-08-18T06:08:10.380447,automation.aut_status_bruno,on,on,"{""id"": ""1751855857509"", ""last_triggered"": ""2025-08-18T09:08:10.371151+00:00"", ""mode"": ""single"", ""current"": 0, ""friendly_name"": ""aut-status-bruno""}"
2025-08-18T06:08:46.259894,sun.sun,above_horizon,above_horizon,"{""next_dawn"": ""2025-08-19T08:24:07.301005+00:00"", ""next_dusk"": ""2025-08-18T20:51:13.381525+00:00"", ""next_midnight"": ""2025-08-19T02:37:37+00:00"", ""next_noon"": ""2025-08-18T14:37:59+00:00"", ""next_rising"": ""2025-08-19T08:46:13.745676+00:00"", ""next_setting"": ""2025-08-18T20:29:05.436630+00:00"", ""elevation"": 4.59, ""azimuth"": 75.6, ""rising"": true, ""friendly_name"": ""Sun""}"
2025-08-18T06:08:56.523138,camera.192_168_0_33,idle,idle,"{""access_token"": ""cbe7def206959f603492032b063660f16e8c763eb56c5fbc7cc5b6f2ed16500e"", ""entity_picture"": ""/api/camera_proxy/camera.192_168_0_33?token=cbe7def206959f603492032b063660f16e8c763eb56c5fbc7cc5b6f2ed16500e"", ""friendly_name"": ""192_168_0_14"", ""supported_features"": 2}"
2025-08-18T06:08:56.524945,camera.admin_mainstream,idle,idle,"{""access_token"": ""bd1bc01890631abf1c73941e7c0c49275c10d491832eb54cf018e452f4e46846"", ""entity_picture"": ""/api/camera_proxy/camera.admin_mainstream?token=bd1bc01890631abf1c73941e7c0c49275c10d491832eb54cf018e452f4e46846"", ""friendly_name"": ""admin MainStream"", ""supported_features"": 2}"
2025-08-18T06:08:56.526379,camera.admin_substream,idle,idle,"{""access_token"": ""819005af721c082be419d58cc9eba9b80788b82cfd3f783a7dd35dcf6c113632"", ""entity_picture"": ""/api/camera_proxy/camera.admin_substream?token=819005af721c082be419d58cc9eba9b80788b82cfd3f783a7dd35dcf6c113632"", ""friendly_name"": ""admin SubStream"", ""supported_features"": 2}"
2025-08-18T06:08:56.527663,camera.security_camera_2,unavailable,unavailable,"{""entity_picture"": ""/api/camera_proxy/camera.security_camera_2?token=1fdbb41cbc805b10536d932b811a6af138a1bbf736470fd250277de37cfb6bd0"", ""friendly_name"": ""Security Camera"", ""supported_features"": 2}"
2025-08-18T06:09:10.378167,automation.aut_status_bruno,on,on,"{""id"": ""1751855857509"", ""last_triggered"": ""2025-08-18T09:09:10.371128+00:00"", ""mode"": ""single"", ""current"": 1, ""friendly_name"": ""aut-status-bruno""}"
2025-08-18T06:09:10.381009,automation.aut_status_bruno,on,on,"{""id"": ""1751855857509"", ""last_triggered"": ""2025-08-18T09:09:10.371128+00:00"", ""mode"": ""single"", ""current"": 0, ""friendly_name"": ""aut-status-bruno""}"
2025-08-18T06:10:10.385601,automation.aut_status_bruno,on,on,"{""id"": ""1751855857509"", ""last_triggered"": ""2025-08-18T09:10:10.372022+00:00"", ""mode"": ""single"", ""current"": 1, ""friendly_name"": ""aut-status-bruno""}"
2025-08-18T06:10:10.387532,automation.aut_status_bruno,on,on,"{""id"": ""1751855857509"", ""last_triggered"": ""2025-08-18T09:10:10.372022+00:00"", ""mode"": ""single"", ""current"": 0, ""friendly_name"": ""aut-status-bruno""}"
2025-08-18T06:10:46.262361,sun.sun,above_horizon,above_horizon,"{""next_dawn"": ""2025-08-19T08:24:07.301005+00:00"", ""next_dusk"": ""2025-08-18T20:51:13.381525+00:00"", ""next_midnight"": ""2025-08-19T02:37:37+00:00"", ""next_noon"": ""2025-08-18T14:37:59+00:00"", ""next_rising"": ""2025-08-19T08:46:13.745676+00:00"", ""next_setting"": ""2025-08-18T20:29:05.436630+00:00"", ""elevation"": 5.05, ""azimuth"": 75.48, ""rising"": true, ""friendly_name"": ""Sun""}"
2025-08-18T06:11:10.382358,automation.aut_status_bruno,on,on,"{""id"": ""1751855857509"", ""last_triggered"": ""2025-08-18T09:11:10.371756+00:00"", ""mode"": ""single"", ""current"": 1, ""friendly_name"": ""aut-status-bruno""}"
2025-08-18T06:11:10.386638,automation.aut_status_bruno,on,on,"{""id"": ""1751855857509"", ""last_triggered"": ""2025-08-18T09:11:10.371756+00:00"", ""mode"": ""single"", ""current"": 0, ""friendly_name"": ""aut-status-bruno""}"
2025-08-18T06:12:10.380608,automation.aut_status_bruno,on,on,"{""id"": ""1751855857509"", ""last_triggered"": ""2025-08-18T09:12:10.371003+00:00"", ""mode"": ""single"", ""current"": 1, ""friendly_name"": ""aut-status-bruno""}"
2025-08-18T06:12:10.383421,automation.aut_status_bruno,on,on,"{""id"": ""1751855857509"", ""last_triggered"": ""2025-08-18T09:12:10.371003+00:00"", ""mode"": ""single"", ""current"": 0, ""friendly_name"": ""aut-status-bruno""}"
2025-08-18T06:12:46.261403,sun.sun,above_horizon,above_horizon,"{""next_dawn"": ""2025-08-19T08:24:07.301005+00:00"", ""next_dusk"": ""2025-08-18T20:51:13.381525+00:00"", ""next_midnight"": ""2025-08-19T02:37:37+00:00"", ""next_noon"": ""2025-08-18T14:37:59+00:00"", ""next_rising"": ""2025-08-19T08:46:13.745676+00:00"", ""next_setting"": ""2025-08-18T20:29:05.436630+00:00"", ""elevation"": 5.51, ""azimuth"": 75.36, ""rising"": true, ""friendly_name"": ""Sun""}"
2025-08-18T06:13:10.382137,automation.aut_status_bruno,on,on,"{""id"": ""1751855857509"", ""last_triggered"": ""2025-08-18T09:13:10.371780+00:00"", ""mode"": ""single"", ""current"": 1, ""friendly_name"": ""aut-status-bruno""}"
2025-08-18T06:13:10.385451,automation.aut_status_bruno,on,on,"{""id"": ""1751855857509"", ""last_triggered"": ""2025-08-18T09:13:10.371780+00:00"", ""mode"": ""single"", ""current"": 0, ""friendly_name"": ""aut-status-bruno""}"
2025-08-18T06:13:46.135672,sensor.tomada_mesa_de_trabalho_current,0.111,0.109,"{""state_class"": ""measurement"", ""unit_of_measurement"": ""A"", ""device_class"": ""current"", ""friendly_name"": ""Tomada mesa de trabalho Current""}"
2025-08-18T06:13:46.137302,sensor.tomada_mesa_de_trabalho_power,6.2,6.1,"{""state_class"": ""measurement"", ""unit_of_measurement"": ""W"", ""device_class"": ""power"", ""friendly_name"": ""Tomada mesa de trabalho Power""}"
2025-08-18T06:13:46.139112,sensor.tomada_mesa_de_trabalho_voltage,130.4,132.0,"{""state_class"": ""measurement"", ""unit_of_measurement"": ""V"", ""device_class"": ""voltage"", ""friendly_name"": ""Tomada mesa de trabalho Voltage""}"
2025-08-18T06:13:56.520907,camera.192_168_0_33,idle,idle,"{""access_token"": ""513a178f823d252663d49500e642f918e12d980010522f522e84736ee16ba1ee"", ""entity_picture"": ""/api/camera_proxy/camera.192_168_0_33?token=513a178f823d252663d49500e642f918e12d980010522f522e84736ee16ba1ee"", ""friendly_name"": ""192_168_0_14"", ""supported_features"": 2}"
2025-08-18T06:13:56.522577,camera.admin_mainstream,idle,idle,"{""access_token"": ""1e638c2918f0e0127e34dd00f44dbb661032604c0567172c38c4345e4780eab0"", ""entity_picture"": ""/api/camera_proxy/camera.admin_mainstream?token=1e638c2918f0e0127e34dd00f44dbb661032604c0567172c38c4345e4780eab0"", ""friendly_name"": ""admin MainStream"", ""supported_features"": 2}"
2025-08-18T06:13:56.523995,camera.admin_substream,idle,idle,"{""access_token"": ""3e5821f2a4d561fba2314618cf0799f48b136b182164b202cee70450f8260e33"", ""entity_picture"": ""/api/camera_proxy/camera.admin_substream?token=3e5821f2a4d561fba2314618cf0799f48b136b182164b202cee70450f8260e33"", ""friendly_name"": ""admin SubStream"", ""supported_features"": 2}"
2025-08-18T06:13:56.526892,camera.security_camera_2,unavailable,unavailable,"{""entity_picture"": ""/api/camera_proxy/camera.security_camera_2?token=bfd69cf8701dec1a0892cbcc51ee4e85601ec60f1af2c157850892d65022e594"", ""friendly_name"": ""Security Camera"", ""supported_features"": 2}"
2025-08-18T06:14:05.374179,weather.home,partlycloudy,partlycloudy,"{""temperature"": 23.7, ""temperature_unit"": ""\u00b0C"", ""pressure_unit"": ""hPa"", ""wind_bearing"": 164, ""wind_speed"": 12.0, ""wind_speed_unit"": ""km/h"", ""visibility_unit"": ""km"", ""precipitation_unit"": ""mm"", ""friendly_name"": ""Home"", ""supported_features"": 3}"
2025-08-18T06:14:10.381306,automation.aut_status_bruno,on,on,"{""id"": ""1751855857509"", ""last_triggered"": ""2025-08-18T09:14:10.371228+00:00"", ""mode"": ""single"", ""current"": 1, ""friendly_name"": ""aut-status-bruno""}"
2025-08-18T06:14:10.384720,automation.aut_status_bruno,on,on,"{""id"": ""1751855857509"", ""last_triggered"": ""2025-08-18T09:14:10.371228+00:00"", ""mode"": ""single"", ""current"": 0, ""friendly_name"": ""aut-status-bruno""}"
2025-08-18T06:14:46.261645,sun.sun,above_horizon,above_horizon,"{""next_dawn"": ""2025-08-19T08:24:07.301005+00:00"", ""next_dusk"": ""2025-08-18T20:51:13.381525+00:00"", ""next_midnight"": ""2025-08-19T02:37:37+00:00"", ""next_noon"": ""2025-08-18T14:37:59+00:00"", ""next_rising"": ""2025-08-19T08:46:13.745676+00:00"", ""next_setting"": ""2025-08-18T20:29:05.436630+00:00"", ""elevation"": 5.97, ""azimuth"": 75.23, ""rising"": true, ""friendly_name"": ""Sun""}"
2025-08-18T06:15:10.380438,automation.aut_status_bruno,on,on,"{""id"": ""1751855857509"", ""last_triggered"": ""2025-08-18T09:15:10.371485+00:00"", ""mode"": ""single"", ""current"": 1, ""friendly_name"": ""aut-status-bruno""}"
2025-08-18T06:15:10.382964,automation.aut_status_bruno,on,on,"{""id"": ""1751855857509"", ""last_triggered"": ""2025-08-18T09:15:10.371485+00:00"", ""mode"": ""single"", ""current"": 0, ""friendly_name"": ""aut-status-bruno""}"
2025-08-18T06:16:10.385905,automation.aut_status_bruno,on,on,"{""id"": ""1751855857509"", ""last_triggered"": ""2025-08-18T09:16:10.372217+00:00"", ""mode"": ""single"", ""current"": 1, ""friendly_name"": ""aut-status-bruno""}"
2025-08-18T06:16:10.390170,automation.aut_status_bruno,on,on,"{""id"": ""1751855857509"", ""last_triggered"": ""2025-08-18T09:16:10.372217+00:00"", ""mode"": ""single"", ""current"": 0, ""friendly_name"": ""aut-status-bruno""}"
2025-08-18T06:16:46.262638,sun.sun,above_horizon,above_horizon,"{""next_dawn"": ""2025-08-19T08:24:07.301005+00:00"", ""next_dusk"": ""2025-08-18T20:51:13.381525+00:00"", ""next_midnight"": ""2025-08-19T02:37:37+00:00"", ""next_noon"": ""2025-08-18T14:37:59+00:00"", ""next_rising"": ""2025-08-19T08:46:13.745676+00:00"", ""next_setting"": ""2025-08-18T20:29:05.436630+00:00"", ""elevation"": 6.44, ""azimuth"": 75.11, ""rising"": true, ""friendly_name"": ""Sun""}"
2025-08-18T06:17:10.384510,automation.aut_status_bruno,on,on,"{""id"": ""1751855857509"", ""last_triggered"": ""2025-08-18T09:17:10.371721+00:00"", ""mode"": ""single"", ""current"": 1, ""friendly_name"": ""aut-status-bruno""}"
2025-08-18T06:17:10.386826,automation.aut_status_bruno,on,on,"{""id"": ""1751855857509"", ""last_triggered"": ""2025-08-18T09:17:10.371721+00:00"", ""mode"": ""single"", ""current"": 0, ""friendly_name"": ""aut-status-bruno""}"
2025-08-18T06:18:10.379748,automation.aut_status_bruno,on,on,"{""id"": ""1751855857509"", ""last_triggered"": ""2025-08-18T09:18:10.372029+00:00"", ""mode"": ""single"", ""current"": 1, ""friendly_name"": ""aut-status-bruno""}"
2025-08-18T06:18:10.382248,automation.aut_status_bruno,on,on,"{""id"": ""1751855857509"", ""last_triggered"": ""2025-08-18T09:18:10.372029+00:00"", ""mode"": ""single"", ""current"": 0, ""friendly_name"": ""aut-status-bruno""}"
2025-08-18T06:18:46.263304,sun.sun,above_horizon,above_horizon,"{""next_dawn"": ""2025-08-19T08:24:07.301005+00:00"", ""next_dusk"": ""2025-08-18T20:51:13.381525+00:00"", ""next_midnight"": ""2025-08-19T02:37:37+00:00"", ""next_noon"": ""2025-08-18T14:37:59+00:00"", ""next_rising"": ""2025-08-19T08:46:13.745676+00:00"", ""next_setting"": ""2025-08-18T20:29:05.436630+00:00"", ""elevation"": 6.9, ""azimuth"": 74.98, ""rising"": true, ""friendly_name"": ""Sun""}"
2025-08-18T06:18:56.523817,camera.192_168_0_33,idle,idle,"{""access_token"": ""70b0feb2ede02c7326da10e6def3f826323eaae7873867271e77fab781c1693a"", ""entity_picture"": ""/api/camera_proxy/camera.192_168_0_33?token=70b0feb2ede02c7326da10e6def3f826323eaae7873867271e77fab781c1693a"", ""friendly_name"": ""192_168_0_14"", ""supported_features"": 2}"
2025-08-18T06:18:56.525577,camera.admin_mainstream,idle,idle,"{""access_token"": ""7c8722c19babd05f5a6e4d85d9c844ab3f482c353fb14d3768c056f2e15d5535"", ""entity_picture"": ""/api/camera_proxy/camera.admin_mainstream?token=7c8722c19babd05f5a6e4d85d9c844ab3f482c353fb14d3768c056f2e15d5535"", ""friendly_name"": ""admin MainStream"", ""supported_features"": 2}"
2025-08-18T06:18:56.527145,camera.admin_substream,idle,idle,"{""access_token"": ""a1e773e37a19a923c31d483f29de3fdee82169971a171ef0010be220c8290a80"", ""entity_picture"": ""/api/camera_proxy/camera.admin_substream?token=a1e773e37a19a923c31d483f29de3fdee82169971a171ef0010be220c8290a80"", ""friendly_name"": ""admin SubStream"", ""supported_features"": 2}"
2025-08-18T06:18:56.528724,camera.security_camera_2,unavailable,unavailable,"{""entity_picture"": ""/api/camera_proxy/camera.security_camera_2?token=5b672ec6810a1b5f0e1ed1e9af978d6d8479c64224a686aa9b0f56d7e15b0897"", ""friendly_name"": ""Security Camera"", ""supported_features"": 2}"
2025-08-18T06:19:10.378308,automation.aut_status_bruno,on,on,"{""id"": ""1751855857509"", ""last_triggered"": ""2025-08-18T09:19:10.371573+00:00"", ""mode"": ""single"", ""current"": 1, ""friendly_name"": ""aut-status-bruno""}"
2025-08-18T06:19:10.380592,automation.aut_status_bruno,on,on,"{""id"": ""1751855857509"", ""last_triggered"": ""2025-08-18T09:19:10.371573+00:00"", ""mode"": ""single"", ""current"": 0, ""friendly_name"": ""aut-status-bruno""}"
2025-08-18T06:20:10.378086,automation.aut_status_bruno,on,on,"{""id"": ""1751855857509"", ""last_triggered"": ""2025-08-18T09:20:10.371566+00:00"", ""mode"": ""single"", ""current"": 1, ""friendly_name"": ""aut-status-bruno""}"
2025-08-18T06:20:10.380372,automation.aut_status_bruno,on,on,"{""id"": ""1751855857509"", ""last_triggered"": ""2025-08-18T09:20:10.371566+00:00"", ""mode"": ""single"", ""current"": 0, ""friendly_name"": ""aut-status-bruno""}"
2025-08-18T06:20:46.267856,sun.sun,above_horizon,above_horizon,"{""next_dawn"": ""2025-08-19T08:24:07.301005+00:00"", ""next_dusk"": ""2025-08-18T20:51:13.381525+00:00"", ""next_midnight"": ""2025-08-19T02:37:37+00:00"", ""next_noon"": ""2025-08-18T14:37:59+00:00"", ""next_rising"": ""2025-08-19T08:46:13.745676+00:00"", ""next_setting"": ""2025-08-18T20:29:05.436630+00:00"", ""elevation"": 7.36, ""azimuth"": 74.85, ""rising"": true, ""friendly_name"": ""Sun""}"
2025-08-18T06:21:10.378013,automation.aut_status_bruno,on,on,"{""id"": ""1751855857509"", ""last_triggered"": ""2025-08-18T09:21:10.371347+00:00"", ""mode"": ""single"", ""current"": 1, ""friendly_name"": ""aut-status-bruno""}"
2025-08-18T06:21:10.380239,automation.aut_status_bruno,on,on,"{""id"": ""1751855857509"", ""last_triggered"": ""2025-08-18T09:21:10.371347+00:00"", ""mode"": ""single"", ""current"": 0, ""friendly_name"": ""aut-status-bruno""}"
2025-08-18T06:22:10.378634,automation.aut_status_bruno,on,on,"{""id"": ""1751855857509"", ""last_triggered"": ""2025-08-18T09:22:10.371961+00:00"", ""mode"": ""single"", ""current"": 1, ""friendly_name"": ""aut-status-bruno""}"
2025-08-18T06:22:10.380895,automation.aut_status_bruno,on,on,"{""id"": ""1751855857509"", ""last_triggered"": ""2025-08-18T09:22:10.371961+00:00"", ""mode"": ""single"", ""current"": 0, ""friendly_name"": ""aut-status-bruno""}"
2025-08-18T06:22:46.264860,sun.sun,above_horizon,above_horizon,"{""next_dawn"": ""2025-08-19T08:24:07.301005+00:00"", ""next_dusk"": ""2025-08-18T20:51:13.381525+00:00"", ""next_midnight"": ""2025-08-19T02:37:37+00:00"", ""next_noon"": ""2025-08-18T14:37:59+00:00"", ""next_rising"": ""2025-08-19T08:46:13.745676+00:00"", ""next_setting"": ""2025-08-18T20:29:05.436630+00:00"", ""elevation"": 7.83, ""azimuth"": 74.73, ""rising"": true, ""friendly_name"": ""Sun""}"
2025-08-18T06:23:10.378453,automation.aut_status_bruno,on,on,"{""id"": ""1751855857509"", ""last_triggered"": ""2025-08-18T09:23:10.371782+00:00"", ""mode"": ""single"", ""current"": 1, ""friendly_name"": ""aut-status-bruno""}"
2025-08-18T06:23:10.380821,automation.aut_status_bruno,on,on,"{""id"": ""1751855857509"", ""last_triggered"": ""2025-08-18T09:23:10.371782+00:00"", ""mode"": ""single"", ""current"": 0, ""friendly_name"": ""aut-status-bruno""}"
2025-08-18T06:23:56.522779,camera.192_168_0_33,idle,idle,"{""access_token"": ""b91d1c7640a3d2499f1964662347b19848aa554c436b456da16f17ed4dc88c0"", ""entity_picture"": ""/api/camera_proxy/camera.192_168_0_33?token=b91d1c7640a3d2499f1964662347b19848aa554c436b456da16f17ed4dc88c0"", ""friendly_name"": ""192_168_0_14"", ""supported_features"": 2}"
2025-08-18T06:23:56.524701,camera.admin_mainstream,idle,idle,"{""access_token"": ""57e1367d11a52f7aa279929671ecd0955d096b15ebd1e009ca8118b44677c18a"", ""entity_picture"": ""/api/camera_proxy/camera.admin_mainstream?token=57e1367d11a52f7aa279929671ecd0955d096b15ebd1e009ca8118b44677c18a"", ""friendly_name"": ""admin MainStream"", ""supported_features"": 2}"
2025-08-18T06:23:56.526320,camera.admin_substream,idle,idle,"{""access_token"": ""e941405c8aead17d1205c06e0472898c3af0bf47bf98bc7ecb718edeb8c5cdce"", ""entity_picture"": ""/api/camera_proxy/camera.admin_substream?token=e941405c8aead17d1205c06e0472898c3af0bf47bf98bc7ecb718edeb8c5cdce"", ""friendly_name"": ""admin SubStream"", ""supported_features"": 2}"
2025-08-18T06:23:56.527816,camera.security_camera_2,unavailable,unavailable,"{""entity_picture"": ""/api/camera_proxy/camera.security_camera_2?token=b260b18f39d345c7c374b16a01ac6aff8d2b76ea133a69d7ddbc14ba2ae2dc43"", ""friendly_name"": ""Security Camera"", ""supported_features"": 2}"
2025-08-18T06:24:10.377851,automation.aut_status_bruno,on,on,"{""id"": ""1751855857509"", ""last_triggered"": ""2025-08-18T09:24:10.371164+00:00"", ""mode"": ""single"", ""current"": 1, ""friendly_name"": ""aut-status-bruno""}"
2025-08-18T06:24:10.380176,automation.aut_status_bruno,on,on,"{""id"": ""1751855857509"", ""last_triggered"": ""2025-08-18T09:24:10.371164+00:00"", ""mode"": ""single"", ""current"": 0, ""friendly_name"": ""aut-status-bruno""}"
2025-08-18T06:24:18.714929,weather.forecast_home,partlycloudy,partlycloudy,"{""temperature"": 23.5, ""dew_point"": 18.7, ""temperature_unit"": ""\u00b0C"", ""humidity"": 74, ""cloud_coverage"": 22.7, ""uv_index"": 0.1, ""pressure"": 1018.7, ""pressure_unit"": ""hPa"", ""wind_bearing"": 154.1, ""wind_speed"": 25.9, ""wind_speed_unit"": ""km/h"", ""visibility_unit"": ""km"", ""precipitation_unit"": ""mm"", ""attribution"": ""Weather forecast from met.no, delivered by the Norwegian Meteorological Institute."", ""friendly_name"": ""Forecast Home"", ""supported_features"": 3}"
2025-08-18T06:24:46.266047,sun.sun,above_horizon,above_horizon,"{""next_dawn"": ""2025-08-19T08:24:07.301005+00:00"", ""next_dusk"": ""2025-08-18T20:51:13.381525+00:00"", ""next_midnight"": ""2025-08-19T02:37:37+00:00"", ""next_noon"": ""2025-08-18T14:37:59+00:00"", ""next_rising"": ""2025-08-19T08:46:13.745676+00:00"", ""next_setting"": ""2025-08-18T20:29:05.436630+00:00"", ""elevation"": 8.29, ""azimuth"": 74.6, ""rising"": true, ""friendly_name"": ""Sun""}"
2025-08-18T06:25:10.384049,automation.aut_status_bruno,on,on,"{""id"": ""1751855857509"", ""last_triggered"": ""2025-08-18T09:25:10.372789+00:00"", ""mode"": ""single"", ""current"": 1, ""friendly_name"": ""aut-status-bruno""}"
2025-08-18T06:25:10.386300,automation.aut_status_bruno,on,on,"{""id"": ""1751855857509"", ""last_triggered"": ""2025-08-18T09:25:10.372789+00:00"", ""mode"": ""single"", ""current"": 0, ""friendly_name"": ""aut-status-bruno""}"
2025-08-18T06:26:10.379463,automation.aut_status_bruno,on,on,"{""id"": ""1751855857509"", ""last_triggered"": ""2025-08-18T09:26:10.371745+00:00"", ""mode"": ""single"", ""current"": 1, ""friendly_name"": ""aut-status-bruno""}"
2025-08-18T06:26:10.381703,automation.aut_status_bruno,on,on,"{""id"": ""1751855857509"", ""last_triggered"": ""2025-08-18T09:26:10.371745+00:00"", ""mode"": ""single"", ""current"": 0, ""friendly_name"": ""aut-status-bruno""}"
2025-08-18T06:26:46.267869,sun.sun,above_horizon,above_horizon,"{""next_dawn"": ""2025-08-19T08:24:07.301005+00:00"", ""next_dusk"": ""2025-08-18T20:51:13.381525+00:00"", ""next_midnight"": ""2025-08-19T02:37:37+00:00"", ""next_noon"": ""2025-08-18T14:37:59+00:00"", ""next_rising"": ""2025-08-19T08:46:13.745676+00:00"", ""next_setting"": ""2025-08-18T20:29:05.436630+00:00"", ""elevation"": 8.76, ""azimuth"": 74.46, ""rising"": true, ""friendly_name"": ""Sun""}"
2025-08-18T06:27:10.378991,automation.aut_status_bruno,on,on,"{""id"": ""1751855857509"", ""last_triggered"": ""2025-08-18T09:27:10.371688+00:00"", ""mode"": ""single"", ""current"": 1, ""friendly_name"": ""aut-status-bruno""}"
2025-08-18T06:27:10.420704,automation.aut_status_bruno,on,on,"{""id"": ""1751855857509"", ""last_triggered"": ""2025-08-18T09:27:10.371688+00:00"", ""mode"": ""single"", ""current"": 0, ""friendly_name"": ""aut-status-bruno""}"
2025-08-18T06:28:10.378494,automation.aut_status_bruno,on,on,"{""id"": ""1751855857509"", ""last_triggered"": ""2025-08-18T09:28:10.371692+00:00"", ""mode"": ""single"", ""current"": 1, ""friendly_name"": ""aut-status-bruno""}"
2025-08-18T06:28:10.380851,automation.aut_status_bruno,on,on,"{""id"": ""1751855857509"", ""last_triggered"": ""2025-08-18T09:28:10.371692+00:00"", ""mode"": ""single"", ""current"": 0, ""friendly_name"": ""aut-status-bruno""}"
2025-08-18T06:28:46.267153,sun.sun,above_horizon,above_horizon,"{""next_dawn"": ""2025-08-19T08:24:07.301005+00:00"", ""next_dusk"": ""2025-08-18T20:51:13.381525+00:00"", ""next_midnight"": ""2025-08-19T02:37:37+00:00"", ""next_noon"": ""2025-08-18T14:37:59+00:00"", ""next_rising"": ""2025-08-19T08:46:13.745676+00:00"", ""next_setting"": ""2025-08-18T20:29:05.436630+00:00"", ""elevation"": 9.22, ""azimuth"": 74.33, ""rising"": true, ""friendly_name"": ""Sun""}"
2025-08-18T06:28:56.522779,camera.192_168_0_33,idle,idle,"{""access_token"": ""9f17260dc3980c09f93002d38c74114da67e243ad65781644e699129bb4e86e6"", ""entity_picture"": ""/api/camera_proxy/camera.192_168_0_33?token=9f17260dc3980c09f93002d38c74114da67e243ad65781644e699129bb4e86e6"", ""friendly_name"": ""192_168_0_14"", ""supported_features"": 2}"
2025-08-18T06:28:56.524586,camera.admin_mainstream,idle,idle,"{""access_token"": ""f572d446bbf1f418088b0d69df449a8da75db3fc7689042fd66fd58ef8e74fc9"", ""entity_picture"": ""/api/camera_proxy/camera.admin_mainstream?token=f572d446bbf1f418088b0d69df449a8da75db3fc7689042fd66fd58ef8e74fc9"", ""friendly_name"": ""admin MainStream"", ""supported_features"": 2}"
2025-08-18T06:28:56.526251,camera.admin_substream,idle,idle,"{""access_token"": ""6b6a0706b5ac401ebcc767ec95ad5398c54d62da1a491fa89f20e8b2c5669662"", ""entity_picture"": ""/api/camera_proxy/camera.admin_substream?token=6b6a0706b5ac401ebcc767ec95ad5398c54d62da1a491fa89f20e8b2c5669662"", ""friendly_name"": ""admin SubStream"", ""supported_features"": 2}"
2025-08-18T06:28:56.527703,camera.security_camera_2,unavailable,unavailable,"{""entity_picture"": ""/api/camera_proxy/camera.security_camera_2?token=e46db19e4d4cdc80183bf92273fe838a6fa10a608ff25d333dae21189899db05"", ""friendly_name"": ""Security Camera"", ""supported_features"": 2}"
2025-08-18T06:29:10.379925,automation.aut_status_bruno,on,on,"{""id"": ""1751855857509"", ""last_triggered"": ""2025-08-18T09:29:10.371025+00:00"", ""mode"": ""single"", ""current"": 1, ""friendly_name"": ""aut-status-bruno""}"
2025-08-18T06:29:10.382616,automation.aut_status_bruno,on,on,"{""id"": ""1751855857509"", ""last_triggered"": ""2025-08-18T09:29:10.371025+00:00"", ""mode"": ""single"", ""current"": 0, ""friendly_name"": ""aut-status-bruno""}"
2025-08-18T06:30:10.378559,automation.aut_status_bruno,on,on,"{""id"": ""1751855857509"", ""last_triggered"": ""2025-08-18T09:30:10.371818+00:00"", ""mode"": ""single"", ""current"": 1, ""friendly_name"": ""aut-status-bruno""}"
2025-08-18T06:30:10.380854,automation.aut_status_bruno,on,on,"{""id"": ""1751855857509"", ""last_triggered"": ""2025-08-18T09:30:10.371818+00:00"", ""mode"": ""single"", ""current"": 0, ""friendly_name"": ""aut-status-bruno""}"
2025-08-18T06:30:46.268242,sun.sun,above_horizon,above_horizon,"{""next_dawn"": ""2025-08-19T08:24:07.301005+00:00"", ""next_dusk"": ""2025-08-18T20:51:13.381525+00:00"", ""next_midnight"": ""2025-08-19T02:37:37+00:00"", ""next_noon"": ""2025-08-18T14:37:59+00:00"", ""next_rising"": ""2025-08-19T08:46:13.745676+00:00"", ""next_setting"": ""2025-08-18T20:29:05.436630+00:00"", ""elevation"": 9.68, ""azimuth"": 74.2, ""rising"": true, ""friendly_name"": ""Sun""}"
2025-08-18T06:31:10.378144,automation.aut_status_bruno,on,on,"{""id"": ""1751855857509"", ""last_triggered"": ""2025-08-18T09:31:10.371584+00:00"", ""mode"": ""single"", ""current"": 1, ""friendly_name"": ""aut-status-bruno""}"
2025-08-18T06:31:10.380589,automation.aut_status_bruno,on,on,"{""id"": ""1751855857509"", ""last_triggered"": ""2025-08-18T09:31:10.371584+00:00"", ""mode"": ""single"", ""current"": 0, ""friendly_name"": ""aut-status-bruno""}"
2025-08-18T06:32:07.620622,sun.sun,above_horizon,above_horizon,"{""next_dawn"": ""2025-08-19T08:24:07.301005+00:00"", ""next_dusk"": ""2025-08-18T20:51:13.381525+00:00"", ""next_midnight"": ""2025-08-19T02:37:37+00:00"", ""next_noon"": ""2025-08-18T14:37:59+00:00"", ""next_rising"": ""2025-08-19T08:46:13.745676+00:00"", ""next_setting"": ""2025-08-18T20:29:05.436630+00:00"", ""elevation"": 10.0, ""azimuth"": 74.11, ""rising"": true, ""friendly_name"": ""Sun""}"
2025-08-18T06:32:10.381913,automation.aut_status_bruno,on,on,"{""id"": ""1751855857509"", ""last_triggered"": ""2025-08-18T09:32:10.371376+00:00"", ""mode"": ""single"", ""current"": 1, ""friendly_name"": ""aut-status-bruno""}"
2025-08-18T06:32:10.383974,automation.aut_status_bruno,on,on,"{""id"": ""1751855857509"", ""last_triggered"": ""2025-08-18T09:32:10.371376+00:00"", ""mode"": ""single"", ""current"": 0, ""friendly_name"": ""aut-status-bruno""}"
2025-08-18T06:33:10.378186,automation.aut_status_bruno,on,on,"{""id"": ""1751855857509"", ""last_triggered"": ""2025-08-18T09:33:10.371031+00:00"", ""mode"": ""single"", ""current"": 1, ""friendly_name"": ""aut-status-bruno""}"
2025-08-18T06:33:10.380662,automation.aut_status_bruno,on,on,"{""id"": ""1751855857509"", ""last_triggered"": ""2025-08-18T09:33:10.371031+00:00"", ""mode"": ""single"", ""current"": 0, ""friendly_name"": ""aut-status-bruno""}"
2025-08-18T06:33:56.523116,camera.192_168_0_33,idle,idle,"{""access_token"": ""544ab35b526912f25992ce741e0872de4f9a3124be2aa2b245b9f70cd149aaf6"", ""entity_picture"": ""/api/camera_proxy/camera.192_168_0_33?token=544ab35b526912f25992ce741e0872de4f9a3124be2aa2b245b9f70cd149aaf6"", ""friendly_name"": ""192_168_0_14"", ""supported_features"": 2}"
2025-08-18T06:33:56.525037,camera.admin_mainstream,idle,idle,"{""access_token"": ""713c177b32d25a094552652a8ec5adb5e710355569d32a65ca8cee351439797e"", ""entity_picture"": ""/api/camera_proxy/camera.admin_mainstream?token=713c177b32d25a094552652a8ec5adb5e710355569d32a65ca8cee351439797e"", ""friendly_name"": ""admin MainStream"", ""supported_features"": 2}"
2025-08-18T06:33:56.526676,camera.admin_substream,idle,idle,"{""access_token"": ""a7fd6d5d583f0dcf7b12bd577e691e40c648e02ace2e57d43fe582402bcd4a97"", ""entity_picture"": ""/api/camera_proxy/camera.admin_substream?token=a7fd6d5d583f0dcf7b12bd577e691e40c648e02ace2e57d43fe582402bcd4a97"", ""friendly_name"": ""admin SubStream"", ""supported_features"": 2}"
2025-08-18T06:33:56.528121,camera.security_camera_2,unavailable,unavailable,"{""entity_picture"": ""/api/camera_proxy/camera.security_camera_2?token=d65e7be840d7ceafeee26228e8829c47ce3ff86afb7b07096cdd80b5fd577264"", ""friendly_name"": ""Security Camera"", ""supported_features"": 2}"
2025-08-18T06:34:10.377715,automation.aut_status_bruno,on,on,"{""id"": ""1751855857509"", ""last_triggered"": ""2025-08-18T09:34:10.370952+00:00"", ""mode"": ""single"", ""current"": 1, ""friendly_name"": ""aut-status-bruno""}"
2025-08-18T06:34:10.379904,automation.aut_status_bruno,on,on,"{""id"": ""1751855857509"", ""last_triggered"": ""2025-08-18T09:34:10.370952+00:00"", ""mode"": ""single"", ""current"": 0, ""friendly_name"": ""aut-status-bruno""}"
2025-08-18T06:35:10.378039,automation.aut_status_bruno,on,on,"{""id"": ""1751855857509"", ""last_triggered"": ""2025-08-18T09:35:10.371554+00:00"", ""mode"": ""single"", ""current"": 1, ""friendly_name"": ""aut-status-bruno""}"
2025-08-18T06:35:10.380324,automation.aut_status_bruno,on,on,"{""id"": ""1751855857509"", ""last_triggered"": ""2025-08-18T09:35:10.371554+00:00"", ""mode"": ""single"", ""current"": 0, ""friendly_name"": ""aut-status-bruno""}"
2025-08-18T06:36:07.623445,sun.sun,above_horizon,above_horizon,"{""next_dawn"": ""2025-08-19T08:24:07.301005+00:00"", ""next_dusk"": ""2025-08-18T20:51:13.381525+00:00"", ""next_midnight"": ""2025-08-19T02:37:37+00:00"", ""next_noon"": ""2025-08-18T14:37:59+00:00"", ""next_rising"": ""2025-08-19T08:46:13.745676+00:00"", ""next_setting"": ""2025-08-18T20:29:05.436630+00:00"", ""elevation"": 10.93, ""azimuth"": 73.83, ""rising"": true, ""friendly_name"": ""Sun""}"
2025-08-18T06:36:10.378295,automation.aut_status_bruno,on,on,"{""id"": ""1751855857509"", ""last_triggered"": ""2025-08-18T09:36:10.371698+00:00"", ""mode"": ""single"", ""current"": 1, ""friendly_name"": ""aut-status-bruno""}"
2025-08-18T06:36:10.380639,automation.aut_status_bruno,on,on,"{""id"": ""1751855857509"", ""last_triggered"": ""2025-08-18T09:36:10.371698+00:00"", ""mode"": ""single"", ""current"": 0, ""friendly_name"": ""aut-status-bruno""}"
2025-08-18T06:37:10.378521,automation.aut_status_bruno,on,on,"{""id"": ""1751855857509"", ""last_triggered"": ""2025-08-18T09:37:10.371593+00:00"", ""mode"": ""single"", ""current"": 1, ""friendly_name"": ""aut-status-bruno""}"
2025-08-18T06:37:10.381048,automation.aut_status_bruno,on,on,"{""id"": ""1751855857509"", ""last_triggered"": ""2025-08-18T09:37:10.371593+00:00"", ""mode"": ""single"", ""current"": 0, ""friendly_name"": ""aut-status-bruno""}"
2025-08-18T06:38:10.377794,automation.aut_status_bruno,on,on,"{""id"": ""1751855857509"", ""last_triggered"": ""2025-08-18T09:38:10.371194+00:00"", ""mode"": ""single"", ""current"": 1, ""friendly_name"": ""aut-status-bruno""}"
2025-08-18T06:38:10.380142,automation.aut_status_bruno,on,on,"{""id"": ""1751855857509"", ""last_triggered"": ""2025-08-18T09:38:10.371194+00:00"", ""mode"": ""single"", ""current"": 0, ""friendly_name"": ""aut-status-bruno""}"
2025-08-18T06:38:56.525599,camera.192_168_0_33,idle,idle,"{""access_token"": ""775dcab82afc4098045d4c3cc4fffb98dd75fbd156def28f28723947bd068163"", ""entity_picture"": ""/api/camera_proxy/camera.192_168_0_33?token=775dcab82afc4098045d4c3cc4fffb98dd75fbd156def28f28723947bd068163"", ""friendly_name"": ""192_168_0_14"", ""supported_features"": 2}"
2025-08-18T06:38:56.527931,camera.admin_mainstream,idle,idle,"{""access_token"": ""7d347f0945b956f8843571ae499b64d42a58492cd0a6df07d1d6d3dd87b6df02"", ""entity_picture"": ""/api/camera_proxy/camera.admin_mainstream?token=7d347f0945b956f8843571ae499b64d42a58492cd0a6df07d1d6d3dd87b6df02"", ""friendly_name"": ""admin MainStream"", ""supported_features"": 2}"
2025-08-18T06:38:56.529962,camera.admin_substream,idle,idle,"{""access_token"": ""4850b986397fbb196d6a0bf36f91cc87c936d56f5fb4e798f3030bd81240e9c4"", ""entity_picture"": ""/api/camera_proxy/camera.admin_substream?token=4850b986397fbb196d6a0bf36f91cc87c936d56f5fb4e798f3030bd81240e9c4"", ""friendly_name"": ""admin SubStream"", ""supported_features"": 2}"
2025-08-18T06:38:56.531732,camera.security_camera_2,unavailable,unavailable,"{""entity_picture"": ""/api/camera_proxy/camera.security_camera_2?token=38b1b916cf68f571567c31bd0851eff20ee85caa423082e7268bf243f823257b"", ""friendly_name"": ""Security Camera"", ""supported_features"": 2}"
2025-08-18T06:39:10.383766,automation.aut_status_bruno,on,on,"{""id"": ""1751855857509"", ""last_triggered"": ""2025-08-18T09:39:10.371930+00:00"", ""mode"": ""single"", ""current"": 1, ""friendly_name"": ""aut-status-bruno""}"
2025-08-18T06:39:10.386626,automation.aut_status_bruno,on,on,"{""id"": ""1751855857509"", ""last_triggered"": ""2025-08-18T09:39:10.371930+00:00"", ""mode"": ""single"", ""current"": 0, ""friendly_name"": ""aut-status-bruno""}"
2025-08-18T06:40:07.624183,sun.sun,above_horizon,above_horizon,"{""next_dawn"": ""2025-08-19T08:24:07.301005+00:00"", ""next_dusk"": ""2025-08-18T20:51:13.381525+00:00"", ""next_midnight"": ""2025-08-19T02:37:37+00:00"", ""next_noon"": ""2025-08-18T14:37:59+00:00"", ""next_rising"": ""2025-08-19T08:46:13.745676+00:00"", ""next_setting"": ""2025-08-18T20:29:05.436630+00:00"", ""elevation"": 11.86, ""azimuth"": 73.55, ""rising"": true, ""friendly_name"": ""Sun""}"
2025-08-18T06:40:10.378203,automation.aut_status_bruno,on,on,"{""id"": ""1751855857509"", ""last_triggered"": ""2025-08-18T09:40:10.371570+00:00"", ""mode"": ""single"", ""current"": 1, ""friendly_name"": ""aut-status-bruno""}"
2025-08-18T06:40:10.380999,automation.aut_status_bruno,on,on,"{""id"": ""1751855857509"", ""last_triggered"": ""2025-08-18T09:40:10.371570+00:00"", ""mode"": ""single"", ""current"": 0, ""friendly_name"": ""aut-status-bruno""}"
2025-08-18T06:41:10.378522,automation.aut_status_bruno,on,on,"{""id"": ""1751855857509"", ""last_triggered"": ""2025-08-18T09:41:10.371196+00:00"", ""mode"": ""single"", ""current"": 1, ""friendly_name"": ""aut-status-bruno""}"
2025-08-18T06:41:10.380777,automation.aut_status_bruno,on,on,"{""id"": ""1751855857509"", ""last_triggered"": ""2025-08-18T09:41:10.371196+00:00"", ""mode"": ""single"", ""current"": 0, ""friendly_name"": ""aut-status-bruno""}"
2025-08-18T06:42:10.380178,automation.aut_status_bruno,on,on,"{""id"": ""1751855857509"", ""last_triggered"": ""2025-08-18T09:42:10.371082+00:00"", ""mode"": ""single"", ""current"": 1, ""friendly_name"": ""aut-status-bruno""}"
2025-08-18T06:42:10.382840,automation.aut_status_bruno,on,on,"{""id"": ""1751855857509"", ""last_triggered"": ""2025-08-18T09:42:10.371082+00:00"", ""mode"": ""single"", ""current"": 0, ""friendly_name"": ""aut-status-bruno""}"
2025-08-18T06:43:10.380425,automation.aut_status_bruno,on,on,"{""id"": ""1751855857509"", ""last_triggered"": ""2025-08-18T09:43:10.371994+00:00"", ""mode"": ""single"", ""current"": 1, ""friendly_name"": ""aut-status-bruno""}"
2025-08-18T06:43:10.383010,automation.aut_status_bruno,on,on,"{""id"": ""1751855857509"", ""last_triggered"": ""2025-08-18T09:43:10.371994+00:00"", ""mode"": ""single"", ""current"": 0, ""friendly_name"": ""aut-status-bruno""}"
2025-08-18T06:43:56.524648,camera.192_168_0_33,idle,idle,"{""access_token"": ""1bdc59c555972130077b018be5a76160ef3c7369b585b0a44d7b93b446296792"", ""entity_picture"": ""/api/camera_proxy/camera.192_168_0_33?token=1bdc59c555972130077b018be5a76160ef3c7369b585b0a44d7b93b446296792"", ""friendly_name"": ""192_168_0_14"", ""supported_features"": 2}"
2025-08-18T06:43:56.526304,camera.admin_mainstream,idle,idle,"{""access_token"": ""50d70ed8ca971159a684a553bb6ff31223552e8e91822cbf01eb42e3c619d1d5"", ""entity_picture"": ""/api/camera_proxy/camera.admin_mainstream?token=50d70ed8ca971159a684a553bb6ff31223552e8e91822cbf01eb42e3c619d1d5"", ""friendly_name"": ""admin MainStream"", ""supported_features"": 2}"
2025-08-18T06:43:56.527747,camera.admin_substream,idle,idle,"{""access_token"": ""a1a33a0e8e5fe25a962f65deba85febe563349137c78ad0a09f9d520966637d0"", ""entity_picture"": ""/api/camera_proxy/camera.admin_substream?token=a1a33a0e8e5fe25a962f65deba85febe563349137c78ad0a09f9d520966637d0"", ""friendly_name"": ""admin SubStream"", ""supported_features"": 2}"
2025-08-18T06:43:56.529283,camera.security_camera_2,unavailable,unavailable,"{""entity_picture"": ""/api/camera_proxy/camera.security_camera_2?token=32190d8256fcb6a57a9c395346ec7cdce6310db347beadf45f02ebd1765c5c81"", ""friendly_name"": ""Security Camera"", ""supported_features"": 2}"
2025-08-18T06:44:05.375156,weather.home,partlycloudy,partlycloudy,"{""temperature"": 23.8, ""temperature_unit"": ""\u00b0C"", ""pressure_unit"": ""hPa"", ""wind_bearing"": 165, ""wind_speed"": 12.3, ""wind_speed_unit"": ""km/h"", ""visibility_unit"": ""km"", ""precipitation_unit"": ""mm"", ""friendly_name"": ""Home"", ""supported_features"": 3}"
2025-08-18T06:44:07.625112,sun.sun,above_horizon,above_horizon,"{""next_dawn"": ""2025-08-19T08:24:07.301005+00:00"", ""next_dusk"": ""2025-08-18T20:51:13.381525+00:00"", ""next_midnight"": ""2025-08-19T02:37:37+00:00"", ""next_noon"": ""2025-08-18T14:37:59+00:00"", ""next_rising"": ""2025-08-19T08:46:13.745676+00:00"", ""next_setting"": ""2025-08-18T20:29:05.436630+00:00"", ""elevation"": 12.79, ""azimuth"": 73.27, ""rising"": true, ""friendly_name"": ""Sun""}"
2025-08-18T06:44:10.378985,automation.aut_status_bruno,on,on,"{""id"": ""1751855857509"", ""last_triggered"": ""2025-08-18T09:44:10.371780+00:00"", ""mode"": ""single"", ""current"": 1, ""friendly_name"": ""aut-status-bruno""}"
2025-08-18T06:44:10.382513,automation.aut_status_bruno,on,on,"{""id"": ""1751855857509"", ""last_triggered"": ""2025-08-18T09:44:10.371780+00:00"", ""mode"": ""single"", ""current"": 0, ""friendly_name"": ""aut-status-bruno""}"
2025-08-18T06:45:10.380384,automation.aut_status_bruno,on,on,"{""id"": ""1751855857509"", ""last_triggered"": ""2025-08-18T09:45:10.371308+00:00"", ""mode"": ""single"", ""current"": 1, ""friendly_name"": ""aut-status-bruno""}"
2025-08-18T06:45:10.382926,automation.aut_status_bruno,on,on,"{""id"": ""1751855857509"", ""last_triggered"": ""2025-08-18T09:45:10.371308+00:00"", ""mode"": ""single"", ""current"": 0, ""friendly_name"": ""aut-status-bruno""}"
2025-08-18T06:46:10.379908,automation.aut_status_bruno,on,on,"{""id"": ""1751855857509"", ""last_triggered"": ""2025-08-18T09:46:10.372225+00:00"", ""mode"": ""single"", ""current"": 1, ""friendly_name"": ""aut-status-bruno""}"
2025-08-18T06:46:10.382267,automation.aut_status_bruno,on,on,"{""id"": ""1751855857509"", ""last_triggered"": ""2025-08-18T09:46:10.372225+00:00"", ""mode"": ""single"", ""current"": 0, ""friendly_name"": ""aut-status-bruno""}"
2025-08-18T06:47:10.387946,automation.aut_status_bruno,on,on,"{""id"": ""1751855857509"", ""last_triggered"": ""2025-08-18T09:47:10.371989+00:00"", ""mode"": ""single"", ""current"": 1, ""friendly_name"": ""aut-status-bruno""}"
2025-08-18T06:47:10.392635,automation.aut_status_bruno,on,on,"{""id"": ""1751855857509"", ""last_triggered"": ""2025-08-18T09:47:10.371989+00:00"", ""mode"": ""single"", ""current"": 0, ""friendly_name"": ""aut-status-bruno""}"
2025-08-18T06:48:07.626385,sun.sun,above_horizon,above_horizon,"{""next_dawn"": ""2025-08-19T08:24:07.301005+00:00"", ""next_dusk"": ""2025-08-18T20:51:13.381525+00:00"", ""next_midnight"": ""2025-08-19T02:37:37+00:00"", ""next_noon"": ""2025-08-18T14:37:59+00:00"", ""next_rising"": ""2025-08-19T08:46:13.745676+00:00"", ""next_setting"": ""2025-08-18T20:29:05.436630+00:00"", ""elevation"": 13.71, ""azimuth"": 72.98, ""rising"": true, ""friendly_name"": ""Sun""}"
2025-08-18T06:48:10.377393,automation.aut_status_bruno,on,on,"{""id"": ""1751855857509"", ""last_triggered"": ""2025-08-18T09:48:10.370739+00:00"", ""mode"": ""single"", ""current"": 1, ""friendly_name"": ""aut-status-bruno""}"
2025-08-18T06:48:10.379565,automation.aut_status_bruno,on,on,"{""id"": ""1751855857509"", ""last_triggered"": ""2025-08-18T09:48:10.370739+00:00"", ""mode"": ""single"", ""current"": 0, ""friendly_name"": ""aut-status-bruno""}"
2025-08-18T06:48:56.524989,camera.192_168_0_33,idle,idle,"{""access_token"": ""e1d6cc0894a3f7ef18a0ae77b990862454b15d345f993da6480df20839f8250b"", ""entity_picture"": ""/api/camera_proxy/camera.192_168_0_33?token=e1d6cc0894a3f7ef18a0ae77b990862454b15d345f993da6480df20839f8250b"", ""friendly_name"": ""192_168_0_14"", ""supported_features"": 2}"
2025-08-18T06:48:56.528154,camera.admin_mainstream,idle,idle,"{""access_token"": ""b6f9bb01bf8e335d7c076b4b1bd01f920e9b094bcd616fe1f24a5dd2a06e69e9"", ""entity_picture"": ""/api/camera_proxy/camera.admin_mainstream?token=b6f9bb01bf8e335d7c076b4b1bd01f920e9b094bcd616fe1f24a5dd2a06e69e9"", ""friendly_name"": ""admin MainStream"", ""supported_features"": 2}"
2025-08-18T06:48:56.530014,camera.admin_substream,idle,idle,"{""access_token"": ""e8bb92bbc0183023c7c1c2b648fd8a595fdba9585692a58f4abe0a2675841a66"", ""entity_picture"": ""/api/camera_proxy/camera.admin_substream?token=e8bb92bbc0183023c7c1c2b648fd8a595fdba9585692a58f4abe0a2675841a66"", ""friendly_name"": ""admin SubStream"", ""supported_features"": 2}"
2025-08-18T06:48:56.531573,camera.security_camera_2,unavailable,unavailable,"{""entity_picture"": ""/api/camera_proxy/camera.security_camera_2?token=8b3529180240ffe535180df5d90588c4d834b8a4dd11b9787b2ebb1dbb1d4218"", ""friendly_name"": ""Security Camera"", ""supported_features"": 2}"
2025-08-18T06:49:10.383836,automation.aut_status_bruno,on,on,"{""id"": ""1751855857509"", ""last_triggered"": ""2025-08-18T09:49:10.371582+00:00"", ""mode"": ""single"", ""current"": 1, ""friendly_name"": ""aut-status-bruno""}"
2025-08-18T06:49:10.386011,automation.aut_status_bruno,on,on,"{""id"": ""1751855857509"", ""last_triggered"": ""2025-08-18T09:49:10.371582+00:00"", ""mode"": ""single"", ""current"": 0, ""friendly_name"": ""aut-status-bruno""}"
2025-08-18T06:50:10.377284,automation.aut_status_bruno,on,on,"{""id"": ""1751855857509"", ""last_triggered"": ""2025-08-18T09:50:10.370701+00:00"", ""mode"": ""single"", ""current"": 1, ""friendly_name"": ""aut-status-bruno""}"
2025-08-18T06:50:10.379548,automation.aut_status_bruno,on,on,"{""id"": ""1751855857509"", ""last_triggered"": ""2025-08-18T09:50:10.370701+00:00"", ""mode"": ""single"", ""current"": 0, ""friendly_name"": ""aut-status-bruno""}"
2025-08-18T06:51:10.381188,automation.aut_status_bruno,on,on,"{""id"": ""1751855857509"", ""last_triggered"": ""2025-08-18T09:51:10.371238+00:00"", ""mode"": ""single"", ""current"": 1, ""friendly_name"": ""aut-status-bruno""}"
2025-08-18T06:51:10.384538,automation.aut_status_bruno,on,on,"{""id"": ""1751855857509"", ""last_triggered"": ""2025-08-18T09:51:10.371238+00:00"", ""mode"": ""single"", ""current"": 0, ""friendly_name"": ""aut-status-bruno""}"
2025-08-18T06:51:37.621557,binary_sensor.presenca_banheiro_motion,off,on,"{""device_class"": ""motion"", ""friendly_name"": ""Presen\u00e7a banheiro Motion""}"
2025-08-18T06:51:37.627968,automation.auto_banheiro,on,on,"{""id"": ""1747870075916"", ""last_triggered"": ""2025-08-18T09:51:37.610165+00:00"", ""mode"": ""single"", ""current"": 1, ""friendly_name"": ""auto-banheiro""}"
2025-08-18T06:51:38.226242,automation.auto_banheiro,on,on,"{""id"": ""1747870075916"", ""last_triggered"": ""2025-08-18T09:51:37.610165+00:00"", ""mode"": ""single"", ""current"": 0, ""friendly_name"": ""auto-banheiro""}"
2025-08-18T06:51:38.892143,switch.interruptor_banheiro_switch_1,off,on,"{""device_class"": ""outlet"", ""friendly_name"": ""Interruptor banheiro Switch 1""}"
2025-08-18T06:51:38.898529,switch.interruptor_banheiro_switch_2,off,on,"{""device_class"": ""outlet"", ""friendly_name"": ""Interruptor banheiro Switch 2""}"
2025-08-18T06:52:07.626535,sun.sun,above_horizon,above_horizon,"{""next_dawn"": ""2025-08-19T08:24:07.301005+00:00"", ""next_dusk"": ""2025-08-18T20:51:13.381525+00:00"", ""next_midnight"": ""2025-08-19T02:37:37+00:00"", ""next_noon"": ""2025-08-18T14:37:59+00:00"", ""next_rising"": ""2025-08-19T08:46:13.745676+00:00"", ""next_setting"": ""2025-08-18T20:29:05.436630+00:00"", ""elevation"": 14.64, ""azimuth"": 72.68, ""rising"": true, ""friendly_name"": ""Sun""}"
2025-08-18T06:52:10.378277,automation.aut_status_bruno,on,on,"{""id"": ""1751855857509"", ""last_triggered"": ""2025-08-18T09:52:10.370871+00:00"", ""mode"": ""single"", ""current"": 1, ""friendly_name"": ""aut-status-bruno""}"
2025-08-18T06:52:10.380329,automation.aut_status_bruno,on,on,"{""id"": ""1751855857509"", ""last_triggered"": ""2025-08-18T09:52:10.370871+00:00"", ""mode"": ""single"", ""current"": 0, ""friendly_name"": ""aut-status-bruno""}"
2025-08-18T06:53:10.377964,automation.aut_status_bruno,on,on,"{""id"": ""1751855857509"", ""last_triggered"": ""2025-08-18T09:53:10.371298+00:00"", ""mode"": ""single"", ""current"": 1, ""friendly_name"": ""aut-status-bruno""}"
2025-08-18T06:53:10.380097,automation.aut_status_bruno,on,on,"{""id"": ""1751855857509"", ""last_triggered"": ""2025-08-18T09:53:10.371298+00:00"", ""mode"": ""single"", ""current"": 0, ""friendly_name"": ""aut-status-bruno""}"
2025-08-18T06:53:56.525596,camera.192_168_0_33,idle,idle,"{""access_token"": ""525a6c8372296a0cc43cb640a375fa9b2b6e22f68d03fd912a2a5f6bfbd4bc2b"", ""entity_picture"": ""/api/camera_proxy/camera.192_168_0_33?token=525a6c8372296a0cc43cb640a375fa9b2b6e22f68d03fd912a2a5f6bfbd4bc2b"", ""friendly_name"": ""192_168_0_14"", ""supported_features"": 2}"
2025-08-18T06:53:56.527466,camera.admin_mainstream,idle,idle,"{""access_token"": ""c5b26996ec048d6693d4f9a27ea663139967f4577bde79ff10f1f2f3e80e5136"", ""entity_picture"": ""/api/camera_proxy/camera.admin_mainstream?token=c5b26996ec048d6693d4f9a27ea663139967f4577bde79ff10f1f2f3e80e5136"", ""friendly_name"": ""admin MainStream"", ""supported_features"": 2}"
2025-08-18T06:53:56.529170,camera.admin_substream,idle,idle,"{""access_token"": ""f14762ed29eb2f8b3e4ed8fa32483d2224cb430e626b358968eab23ab83dccf5"", ""entity_picture"": ""/api/camera_proxy/camera.admin_substream?token=f14762ed29eb2f8b3e4ed8fa32483d2224cb430e626b358968eab23ab83dccf5"", ""friendly_name"": ""admin SubStream"", ""supported_features"": 2}"
2025-08-18T06:53:56.530719,camera.security_camera_2,unavailable,unavailable,"{""entity_picture"": ""/api/camera_proxy/camera.security_camera_2?token=ecbede6f28e037beb53115b62207b9151eadb8d9e14b3bd34df518a9189ab9d"", ""friendly_name"": ""Security Camera"", ""supported_features"": 2}"
2025-08-18T06:54:09.595216,sensor.th_sensor_humidity,68.0,69.0,"{""state_class"": ""measurement"", ""unit_of_measurement"": ""%"", ""device_class"": ""humidity"", ""friendly_name"": ""th-sensor Humidity""}"
2025-08-18T06:54:10.383951,automation.aut_status_bruno,on,on,"{""id"": ""1751855857509"", ""last_triggered"": ""2025-08-18T09:54:10.370837+00:00"", ""mode"": ""single"", ""current"": 1, ""friendly_name"": ""aut-status-bruno""}"
2025-08-18T06:54:10.386186,automation.aut_status_bruno,on,on,"{""id"": ""1751855857509"", ""last_triggered"": ""2025-08-18T09:54:10.370837+00:00"", ""mode"": ""single"", ""current"": 0, ""friendly_name"": ""aut-status-bruno""}"
2025-08-18T06:54:37.648922,binary_sensor.presenca_sala_motion,off,on,"{""device_class"": ""motion"", ""friendly_name"": ""Presen\u00e7a sala Motion""}"
2025-08-18T06:54:37.651462,automation.auto_sala,on,on,"{""id"": ""1755456668750"", ""last_triggered"": ""2025-08-18T09:54:37.643274+00:00"", ""mode"": ""single"", ""current"": 1, ""friendly_name"": ""auto-sala""}"
2025-08-18T06:54:38.214607,automation.auto_sala,on,on,"{""id"": ""1755456668750"", ""last_triggered"": ""2025-08-18T09:54:37.643274+00:00"", ""mode"": ""single"", ""current"": 0, ""friendly_name"": ""auto-sala""}"
2025-08-18T06:54:38.833632,switch.interruptor_sala_switch_1,off,on,"{""device_class"": ""outlet"", ""friendly_name"": ""Interruptor sala Switch 1""}"
2025-08-18T06:54:51.350585,binary_sensor.presenca_banheiro_motion,on,off,"{""device_class"": ""motion"", ""friendly_name"": ""Presen\u00e7a banheiro Motion""}"
2025-08-18T06:54:51.353653,automation.auto_banheiro,on,on,"{""id"": ""1747870075916"", ""last_triggered"": ""2025-08-18T09:54:51.334620+00:00"", ""mode"": ""single"", ""current"": 1, ""friendly_name"": ""auto-banheiro""}"
2025-08-18T06:54:51.916256,automation.auto_banheiro,on,on,"{""id"": ""1747870075916"", ""last_triggered"": ""2025-08-18T09:54:51.334620+00:00"", ""mode"": ""single"", ""current"": 0, ""friendly_name"": ""auto-banheiro""}"
2025-08-18T06:54:52.242041,switch.interruptor_banheiro_switch_1,on,off,"{""device_class"": ""outlet"", ""friendly_name"": ""Interruptor banheiro Switch 1""}"
2025-08-18T06:54:52.430497,switch.interruptor_banheiro_switch_2,on,off,"{""device_class"": ""outlet"", ""friendly_name"": ""Interruptor banheiro Switch 2""}"
2025-08-18T06:55:10.377879,automation.aut_status_bruno,on,on,"{""id"": ""1751855857509"", ""last_triggered"": ""2025-08-18T09:55:10.371310+00:00"", ""mode"": ""single"", ""current"": 1, ""friendly_name"": ""aut-status-bruno""}"
2025-08-18T06:55:10.380081,automation.aut_status_bruno,on,on,"{""id"": ""1751855857509"", ""last_triggered"": ""2025-08-18T09:55:10.371310+00:00"", ""mode"": ""single"", ""current"": 0, ""friendly_name"": ""aut-status-bruno""}"
2025-08-18T06:56:07.629165,sun.sun,above_horizon,above_horizon,"{""next_dawn"": ""2025-08-19T08:24:07.301005+00:00"", ""next_dusk"": ""2025-08-18T20:51:13.381525+00:00"", ""next_midnight"": ""2025-08-19T02:37:37+00:00"", ""next_noon"": ""2025-08-18T14:37:59+00:00"", ""next_rising"": ""2025-08-19T08:46:13.745676+00:00"", ""next_setting"": ""2025-08-18T20:29:05.436630+00:00"", ""elevation"": 15.57, ""azimuth"": 72.38, ""rising"": true, ""friendly_name"": ""Sun""}"
2025-08-18T06:56:10.377390,automation.aut_status_bruno,on,on,"{""id"": ""1751855857509"", ""last_triggered"": ""2025-08-18T09:56:10.370819+00:00"", ""mode"": ""single"", ""current"": 1, ""friendly_name"": ""aut-status-bruno""}"
2025-08-18T06:56:10.379542,automation.aut_status_bruno,on,on,"{""id"": ""1751855857509"", ""last_triggered"": ""2025-08-18T09:56:10.370819+00:00"", ""mode"": ""single"", ""current"": 0, ""friendly_name"": ""aut-status-bruno""}"
2025-08-18T06:57:10.378585,automation.aut_status_bruno,on,on,"{""id"": ""1751855857509"", ""last_triggered"": ""2025-08-18T09:57:10.371222+00:00"", ""mode"": ""single"", ""current"": 1, ""friendly_name"": ""aut-status-bruno""}"
2025-08-18T06:57:10.380670,automation.aut_status_bruno,on,on,"{""id"": ""1751855857509"", ""last_triggered"": ""2025-08-18T09:57:10.371222+00:00"", ""mode"": ""single"", ""current"": 0, ""friendly_name"": ""aut-status-bruno""}"
2025-08-18T06:57:12.051026,media_player.lg_webos_tv_oled42c2psa_2,off,on,"{""source_list"": [""Amazon Alexa"", ""Amazon Music"", ""Apple TV"", ""Apps"", ""Clarovideo"", ""Compartilhamento de Ambiente para Ambiente"", ""C\u00e2mera"", ""Disney+"", ""Esportes"", ""Globoplay"", ""HDMI 1"", ""HDMI 2"", ""HDMI 3"", ""HDMI 4"", ""Hub Inicial"", ""Kanto"", ""LG Channels"", ""LG Gaming Portal"", ""Live TV"", ""Mercado Play"", ""Navegador Web"", ""Netflix"", ""Prime Video"", ""Reprodutor de M\u00eddia"", ""Sempre Pronto"", ""Twitch"", ""YouTube""], ""volume_level"": 0.11, ""is_volume_muted"": false, ""source"": ""Sempre Pronto"", ""sound_output"": ""tv_external_speaker"", ""assumed_state"": true, ""device_class"": ""tv"", ""entity_picture"": ""/api/media_player_proxy/media_player.lg_webos_tv_oled42c2psa_2?token=675fbb8b35a5f5eea099ba835716edc0044bfedcefd3c0a85c63bf2d3d2953eb&cache=fc8cf2e7cf74fa43"", ""friendly_name"": ""LG webOS TV OLED42C2PSA"", ""supported_features"": 24381}"
2025-08-18T06:57:16.713029,media_player.lg_webos_tv_oled42c2psa_2,on,on,"{""source_list"": [""Amazon Alexa"", ""Amazon Music"", ""Apple TV"", ""Apps"", ""Clarovideo"", ""Compartilhamento de Ambiente para Ambiente"", ""C\u00e2mera"", ""Disney+"", ""Esportes"", ""Globoplay"", ""HDMI 1"", ""HDMI 2"", ""HDMI 3"", ""HDMI 4"", ""Hub Inicial"", ""Kanto"", ""LG Channels"", ""LG Gaming Portal"", ""Live TV"", ""Mercado Play"", ""Navegador Web"", ""Netflix"", ""Prime Video"", ""Reprodutor de M\u00eddia"", ""Sempre Pronto"", ""Twitch"", ""YouTube""], ""volume_level"": 0.11, ""is_volume_muted"": false, ""source"": ""Sempre Pronto"", ""sound_output"": ""tv_external_speaker"", ""assumed_state"": true, ""device_class"": ""tv"", ""friendly_name"": ""LG webOS TV OLED42C2PSA"", ""supported_features"": 24381}"
2025-08-18T06:57:16.737619,media_player.lg_webos_tv_oled42c2psa_2,on,off,"{""source_list"": [""Amazon Alexa"", ""Amazon Music"", ""Apple TV"", ""Apps"", ""Clarovideo"", ""Compartilhamento de Ambiente para Ambiente"", ""C\u00e2mera"", ""Disney+"", ""Esportes"", ""Globoplay"", ""HDMI 1"", ""HDMI 2"", ""HDMI 3"", ""HDMI 4"", ""Hub Inicial"", ""Kanto"", ""LG Channels"", ""LG Gaming Portal"", ""Live TV"", ""Mercado Play"", ""Navegador Web"", ""Netflix"", ""Prime Video"", ""Reprodutor de M\u00eddia"", ""Sempre Pronto"", ""Twitch"", ""YouTube""], ""sound_output"": ""tv_external_speaker"", ""assumed_state"": true, ""device_class"": ""tv"", ""friendly_name"": ""LG webOS TV OLED42C2PSA"", ""supported_features"": 24381}"
2025-08-18T06:57:44.039254,binary_sensor.presenca_sala_motion,on,off,"{""device_class"": ""motion"", ""friendly_name"": ""Presen\u00e7a sala Motion""}"
2025-08-18T06:57:44.042056,automation.auto_sala,on,on,"{""id"": ""1755456668750"", ""last_triggered"": ""2025-08-18T09:57:44.033935+00:00"", ""mode"": ""single"", ""current"": 1, ""friendly_name"": ""auto-sala""}"
2025-08-18T06:57:44.631304,automation.auto_sala,on,on,"{""id"": ""1755456668750"", ""last_triggered"": ""2025-08-18T09:57:44.033935+00:00"", ""mode"": ""single"", ""current"": 0, ""friendly_name"": ""auto-sala""}"
2025-08-18T06:57:45.311992,switch.interruptor_sala_switch_1,on,off,"{""device_class"": ""outlet"", ""friendly_name"": ""Interruptor sala Switch 1""}"
2025-08-18T06:58:10.377611,automation.aut_status_bruno,on,on,"{""id"": ""1751855857509"", ""last_triggered"": ""2025-08-18T09:58:10.370885+00:00"", ""mode"": ""single"", ""current"": 1, ""friendly_name"": ""aut-status-bruno""}"
2025-08-18T06:58:10.379878,automation.aut_status_bruno,on,on,"{""id"": ""1751855857509"", ""last_triggered"": ""2025-08-18T09:58:10.370885+00:00"", ""mode"": ""single"", ""current"": 0, ""friendly_name"": ""aut-status-bruno""}"
2025-08-18T06:58:23.647403,sensor.tomada_mesa_de_trabalho_current,0.109,0.263,"{""state_class"": ""measurement"", ""unit_of_measurement"": ""A"", ""device_class"": ""current"", ""friendly_name"": ""Tomada mesa de trabalho Current""}"
2025-08-18T06:58:23.649107,sensor.tomada_mesa_de_trabalho_power,6.1,29.3,"{""state_class"": ""measurement"", ""unit_of_measurement"": ""W"", ""device_class"": ""power"", ""friendly_name"": ""Tomada mesa de trabalho Power""}"
2025-08-18T06:58:23.650584,sensor.tomada_mesa_de_trabalho_voltage,132.0,132.9,"{""state_class"": ""measurement"", ""unit_of_measurement"": ""V"", ""device_class"": ""voltage"", ""friendly_name"": ""Tomada mesa de trabalho Voltage""}"
2025-08-18T06:58:33.655953,automation.aut_status_bruno,on,on,"{""id"": ""1751855857509"", ""last_triggered"": ""2025-08-18T09:58:33.646983+00:00"", ""mode"": ""single"", ""current"": 1, ""friendly_name"": ""aut-status-bruno""}"
2025-08-18T06:58:33.659947,automation.aut_status_bruno,on,on,"{""id"": ""1751855857509"", ""last_triggered"": ""2025-08-18T09:58:33.646983+00:00"", ""mode"": ""single"", ""current"": 0, ""friendly_name"": ""aut-status-bruno""}"
2025-08-18T06:58:34.617778,binary_sensor.presenca_sala_motion,off,on,"{""device_class"": ""motion"", ""friendly_name"": ""Presen\u00e7a sala Motion""}"
2025-08-18T06:58:34.625281,automation.auto_sala,on,on,"{""id"": ""1755456668750"", ""last_triggered"": ""2025-08-18T09:58:34.613796+00:00"", ""mode"": ""single"", ""current"": 1, ""friendly_name"": ""auto-sala""}"
2025-08-18T06:58:34.837130,automation.auto_sala,on,on,"{""id"": ""1755456668750"", ""last_triggered"": ""2025-08-18T09:58:34.613796+00:00"", ""mode"": ""single"", ""current"": 0, ""friendly_name"": ""auto-sala""}"
2025-08-18T06:58:35.398021,switch.interruptor_sala_switch_1,off,on,"{""device_class"": ""outlet"", ""friendly_name"": ""Interruptor sala Switch 1""}"
2025-08-18T06:58:56.527466,camera.192_168_0_33,idle,idle,"{""access_token"": ""a50cff0cb70aa28dc9e882f32129c41d5f353cb92725c2c7721febf6caa8d324"", ""entity_picture"": ""/api/camera_proxy/camera.192_168_0_33?token=a50cff0cb70aa28dc9e882f32129c41d5f353cb92725c2c7721febf6caa8d324"", ""friendly_name"": ""192_168_0_14"", ""supported_features"": 2}"
2025-08-18T06:58:56.530888,camera.admin_mainstream,idle,idle,"{""access_token"": ""604f1060b3e87007952c37ccc930aaf2f524041bc4a87c2c82617aed70857e7f"", ""entity_picture"": ""/api/camera_proxy/camera.admin_mainstream?token=604f1060b3e87007952c37ccc930aaf2f524041bc4a87c2c82617aed70857e7f"", ""friendly_name"": ""admin MainStream"", ""supported_features"": 2}"
2025-08-18T06:58:56.532559,camera.admin_substream,idle,idle,"{""access_token"": ""e508e0345637703cd4017ff2390a1a091e89fb20b8bc7c95c98295b074a7936e"", ""entity_picture"": ""/api/camera_proxy/camera.admin_substream?token=e508e0345637703cd4017ff2390a1a091e89fb20b8bc7c95c98295b074a7936e"", ""friendly_name"": ""admin SubStream"", ""supported_features"": 2}"
2025-08-18T06:58:56.534170,camera.security_camera_2,unavailable,unavailable,"{""entity_picture"": ""/api/camera_proxy/camera.security_camera_2?token=a0feaa38478477ef68b09ed29ea0ff67e1aaad6bd7d24787d9fe76320fc3af33"", ""friendly_name"": ""Security Camera"", ""supported_features"": 2}"
2025-08-18T06:59:10.379142,automation.aut_status_bruno,on,on,"{""id"": ""1751855857509"", ""last_triggered"": ""2025-08-18T09:59:10.371289+00:00"", ""mode"": ""single"", ""current"": 1, ""friendly_name"": ""aut-status-bruno""}"
2025-08-18T06:59:10.381991,automation.aut_status_bruno,on,on,"{""id"": ""1751855857509"", ""last_triggered"": ""2025-08-18T09:59:10.371289+00:00"", ""mode"": ""single"", ""current"": 0, ""friendly_name"": ""aut-status-bruno""}"
2025-08-18T06:59:28.676256,sensor.tomada_mesa_de_trabalho_current,0.263,0.115,"{""state_class"": ""measurement"", ""unit_of_measurement"": ""A"", ""device_class"": ""current"", ""friendly_name"": ""Tomada mesa de trabalho Current""}"
2025-08-18T06:59:28.678538,sensor.tomada_mesa_de_trabalho_power,29.3,6.8,"{""state_class"": ""measurement"", ""unit_of_measurement"": ""W"", ""device_class"": ""power"", ""friendly_name"": ""Tomada mesa de trabalho Power""}"
